case_id,patient_uid_hash,pathology_uid_hash,sex,age_at_scan,scan_year,phase,layer,match_status_simplified,label_5,label_5_id,label_5_source,pathology_class_5class,tensor,fold
G0003,993f2ea2560ec59b85d214ad,2491d1a6898b17a6499ffd17,男,23,2021,薄层门脉期,薄层,matched,良性神经源性肿瘤,1,from_label_4,节细胞神经瘤,data/cache_96slice/tensors/G0003.pt,1
G0006,2e0216003a1a3326351a2bfa,5b589b46b84555048eb8e376,女,52,2023,薄层静脉期,薄层,matched,良性神经源性肿瘤,1,from_label_4,节细胞神经瘤,data/cache_96slice/tensors/G0006.pt,2
G0008,a425225bbe482b7a43f1f905,c67dcd9f5479264b7fe7ac7d,女,49,2021,薄层静脉期,薄层,matched,淋巴瘤,3,from_label_4,淋巴瘤,data/cache_96slice/tensors/G0008.pt,1
G0009,f837fcfb196c173cadf54110,8c573e7568f7bcf301e74c2d,男,76,2024,薄层静脉期,薄层,matched,PPGL,2,from_label_4,副神经节瘤,data/cache_96slice/tensors/G0009.pt,0
G0010,43b1b6f3030950d1cc82def6,25204805d22bfd72d2064599,男,41,2019,薄层静脉期,薄层,matched,良性神经源性肿瘤,1,from_label_4,神经鞘瘤,data/cache_96slice/tensors/G0010.pt,1
G0012,42ddc82fd8898915f9830092,99b4a5df927db03853452446,男,74,2023,薄层静脉期,薄层,matched,淋巴瘤,3,from_label_4,淋巴瘤,data/cache_96slice/tensors/G0012.pt,0
G0013,ddaed5ae128069d42ca48b00,d1a507df4c458f0338888aca,男,86,2021,薄层静脉期,薄层,matched,淋巴瘤,3,from_label_4,淋巴瘤,data/cache_96slice/tensors/G0013.pt,0
G0015,85683596c19d7f2b9c636e3e,43589a46bd3111d72355252d,男,74,2022,薄层静脉期,薄层,matched,淋巴瘤,3,from_label_4,淋巴瘤,data/cache_96slice/tensors/G0015.pt,2
G0017,e113a1e066fe9da4253d3a54,9a6efa0ef522fa553955df8a,女,45,2022,薄层静脉期,薄层,matched,淋巴瘤,3,from_label_4,淋巴瘤,data/cache_96slice/tensors/G0017.pt,0
G0018,561da1dcf558d422cd92f50f,917bd7241da5f68c0e3b8472,男,72,2020,薄层静脉期,薄层,matched,PPGL,2,from_label_4,副神经节瘤,data/cache_96slice/tensors/G0018.pt,0
G0020,3725dfcac2ac7cbee66b89b9,3e7a233caf9d08e6242aebc6,女,67,2018,薄层静脉期,薄层,matched,淋巴瘤,3,from_label_4,淋巴瘤,data/cache_96slice/tensors/G0020.pt,0
G0021,b897c6c581b1e97c19785fc5,58c0f6dfbf0e75e3bf14e4f5,男,83,2019,薄层静脉期,薄层,matched,淋巴瘤,3,from_label_4,淋巴瘤,data/cache_96slice/tensors/G0021.pt,0
G0023,11479a22d228c5baccaabf3a,85bcb55caa5613569a16ea2f,女,49,2022,薄层静脉期,薄层,matched,淋巴瘤,3,from_label_4,淋巴瘤,data/cache_96slice/tensors/G0023.pt,0
G0024,b4731593494906e3d9d30c46,780601e80e879b2f067387bf,女,69,2021,薄层静脉期,薄层,matched,淋巴瘤,3,from_label_4,淋巴瘤,data/cache_96slice/tensors/G0024.pt,0
G0025,b1834e9db4a6b1e614747a41,3b180fe411baae87f337c09d,女,58,2024,薄层静脉期,薄层,matched,PPGL,2,from_label_4,副神经节瘤,data/cache_96slice/tensors/G0025.pt,2
G0026,de0fa33e2d4ebc6f496329c2,ea64cb9dd2e06b5d5dc0524a,男,74,2021,薄层静脉期,薄层,matched,淋巴瘤,3,from_label_4,淋巴瘤,data/cache_96slice/tensors/G0026.pt,1
G0027,b014be1d13a6288f3df51642,810c3efc333233bd46d9acbd,女,40,2022,薄层静脉期,薄层,matched,淋巴瘤,3,from_label_4,淋巴瘤,data/cache_96slice/tensors/G0027.pt,1
G0028,161dd715452098e592e94c6c,e526e566caf74d2d9de8b0f7,女,82,2021,薄层静脉期,薄层,matched,淋巴瘤,3,from_label_4,淋巴瘤,data/cache_96slice/tensors/G0028.pt,2
G0040,877a8efa7345381af7b75f2f,aca4f9fe9793eecbed9472ba,女,65,2022,薄层静脉期,薄层,matched,淋巴瘤,3,from_label_4,淋巴瘤,data/cache_96slice/tensors/G0040.pt,1
G0044,d249699a0c493e7970476a2f,0231874c371e2153653bcc22,男,80,2021,薄层静脉期,薄层,matched,淋巴瘤,3,from_label_4,淋巴瘤,data/cache_96slice/tensors/G0044.pt,1
G0046,4147e1a6ae0fac6d77cb3b86,519f2a3c1ebfadacb7016091,女,57,2021,薄层静脉期,薄层,matched,PPGL,2,from_label_4,副神经节瘤,data/cache_96slice/tensors/G0046.pt,2
G0048,dbd99aee7d74b2feb64720ce,f66cd483f1109a56d4448a50,男,63,2020,薄层静脉期,薄层,matched,淋巴瘤,3,from_label_4,淋巴瘤,data/cache_96slice/tensors/G0048.pt,1
G0050,6a06586b2410e44e4614cb03,c764055b28601048bf2c6178,男,79,2024,薄层静脉期,薄层,matched,淋巴瘤,3,from_label_4,淋巴瘤,data/cache_96slice/tensors/G0050.pt,1
G0052,ec1a83daacf902d37dd7a272,00e29d3ee14dad1c4f48b285,男,72,2020,薄层静脉期,薄层,matched,淋巴瘤,3,from_label_4,淋巴瘤,data/cache_96slice/tensors/G0052.pt,2
G0054,1c5cf3a82a32866a7a568096,4691dc013260192df903a062,男,69,2018,薄层静脉期,薄层,matched,淋巴瘤,3,from_label_4,淋巴瘤,data/cache_96slice/tensors/G0054.pt,0
G0057,5e6a54ea86dd6822616ea359,728293774dbd99b210277681,女,25,2021,薄层静脉期,薄层,matched,淋巴瘤,3,from_label_4,淋巴瘤,data/cache_96slice/tensors/G0057.pt,0
G0059,78ca8236e9d59e9957109212,0f398f492be1c36250376257,男,65,2022,薄层静脉期,薄层,matched,淋巴瘤,3,from_label_4,淋巴瘤,data/cache_96slice/tensors/G0059.pt,2
G0063,0fb3481587da6f1a8d19417c,d7ff1c8e4e130bf843edabad,女,64,2020,薄层门脉期,薄层,matched,淋巴瘤,3,from_label_4,淋巴瘤,data/cache_96slice/tensors/G0063.pt,2
G0065,848b9e11d8291ea89ac01682,79b1ffa6d6c3089c7927f713,男,55,2020,薄层静脉期,薄层,matched,淋巴瘤,3,from_label_4,淋巴瘤,data/cache_96slice/tensors/G0065.pt,0
G0070,60d5d9f86ce9d11e42c28704,2a4f0d2c94c3d1e9642174fb,女,52,2022,薄层静脉期,薄层,matched,淋巴瘤,3,from_label_4,淋巴瘤,data/cache_96slice/tensors/G0070.pt,1
G0071,a009a99a08be03998d91db99,9fbbeb98cc825a1e28a6a8c1,女,76,2021,薄层静脉期,薄层,matched,淋巴瘤,3,from_label_4,淋巴瘤,data/cache_96slice/tensors/G0071.pt,0
G0074,882467158c1df1911907abcc,1fb003f219023dd7df7c574d,女,67,2021,薄层静脉期,薄层,matched,PPGL,2,from_label_4,副神经节瘤,data/cache_96slice/tensors/G0074.pt,0
G0079,b09b1a172bc4df9e82242d0e,aec7c443a8b1128fa00109f8,男,64,2017,薄层静脉期,薄层,matched,淋巴瘤,3,from_label_4,淋巴瘤,data/cache_96slice/tensors/G0079.pt,1
G0080,0e11db2216e7d5c1a2d52843,57df24652c350fd670b63ed0,男,66,2016,薄层静脉期,薄层,matched,淋巴瘤,3,from_label_4,淋巴瘤,data/cache_96slice/tensors/G0080.pt,0
G0084,8b7384d1b6dd12a08341f261,7b698ced285db5341ea91d07,女,46,2018,薄层静脉期,薄层,matched,淋巴瘤,3,from_label_4,淋巴瘤,data/cache_96slice/tensors/G0084.pt,2
G0086,1dbdb3c21cce1e90ebfb7b5d,b0886cd68cade7b805437358,男,52,2020,薄层静脉期,薄层,matched,淋巴瘤,3,from_label_4,淋巴瘤,data/cache_96slice/tensors/G0086.pt,1
G0088,21c8c1dc2293c35358836b2f,57334260fcc4bbd5d7996c47,男,43,2021,薄层静脉期,薄层,matched,淋巴瘤,3,from_label_4,淋巴瘤,data/cache_96slice/tensors/G0088.pt,0
G0091,7884eea4a380976f780eb1a7,dfe6bf1ebd34ff54596c3834,男,56,2019,薄层静脉期,薄层,ambiguous,肉瘤类,0,from_label_4,脂肪肉瘤,data/cache_96slice/tensors/G0091.pt,2
G0093,bec5c60228cb8c75a2cb2846,baef9a6ee6106b9df249ef69,女,59,2021,薄层静脉期,薄层,matched,肉瘤类,0,from_label_4,平滑肌肉瘤,data/cache_96slice/tensors/G0093.pt,2
G0094,068d4285b67b094b9a82df81,1455fd69131302de5d0c511f,女,68,2018,薄层静脉期,薄层,ambiguous,肉瘤类,0,from_label_4,平滑肌肉瘤,data/cache_96slice/tensors/G0094.pt,0
G0097,a5288b25d813d13c4b7324bd,04759c959fc301c10500b300,女,39,2019,薄层静脉期,薄层,matched,肉瘤类,0,from_label_4,平滑肌肉瘤,data/cache_96slice/tensors/G0097.pt,2
G0098,75afcb1e30afdcb74f89cdac,7b4e5986cdb7f4a580261d1a,女,71,2023,薄层静脉期,薄层,matched,肉瘤类,0,from_label_4,平滑肌肉瘤,data/cache_96slice/tensors/G0098.pt,0
G0100,df59d77ccf7994469ea7fbbf,608a8db9e57ac7bb1c99f0d7,女,39,2019,薄层静脉期,薄层,matched,肉瘤类,0,from_label_4,平滑肌肉瘤,data/cache_96slice/tensors/G0100.pt,2
G0103,49d09e02d7f36da3ce5627bc,714cb10fae8e78b3a3f70207,女,70,2023,薄层门脉期,薄层,ambiguous,肉瘤类,0,from_label_4,平滑肌肉瘤,data/cache_96slice/tensors/G0103.pt,0
G0110,009aeb958b70c59407061eaf,f702001edb34c02f95bba3a0,女,55,2023,薄层静脉期,薄层,matched,肉瘤类,0,from_label_4,平滑肌肉瘤,data/cache_96slice/tensors/G0110.pt,2
G0111,f3eca296931a0c4dcfe0a82e,4a77bc90dc346b94325576cc,女,48,2019,薄层静脉期,薄层,matched,肉瘤类,0,from_label_4,平滑肌肉瘤,data/cache_96slice/tensors/G0111.pt,1
G0112,33589fb275486c7174c0921b,d9cea99dbedca991436b8d90,女,48,2023,薄层静脉期,薄层,matched,PPGL,2,from_label_4,副神经节瘤,data/cache_96slice/tensors/G0112.pt,1
G0114,de6d79151674b240512bab27,0b932a1fc93dcef786d0dedb,男,62,2024,薄层静脉期,薄层,ambiguous,肉瘤类,0,from_label_4,平滑肌肉瘤,data/cache_96slice/tensors/G0114.pt,2
G0115,a86aa206cde6cf1bfa802602,3361cc4a7a4a233e8e1797dc,男,60,2024,薄层静脉期,薄层,matched,肉瘤类,0,from_label_4,平滑肌肉瘤,data/cache_96slice/tensors/G0115.pt,1
G0116,761a5dbc69c9cabd86e62b86,a942bb19a6cab7955ad5c906,女,60,2023,薄层静脉期,薄层,ambiguous,肉瘤类,0,from_label_4,平滑肌肉瘤,data/cache_96slice/tensors/G0116.pt,2
G0118,b20347b9f789d974cb1affa7,5b147b18a2aeab3da03e74a9,女,65,2022,薄层静脉期,薄层,matched,PPGL,2,from_label_4,副神经节瘤,data/cache_96slice/tensors/G0118.pt,1
G0119,a1c6c671c1198f96453e9477,7929fdf13e35f9a8c38b8476,男,66,2016,薄层静脉期,薄层,ambiguous,肉瘤类,0,from_label_4,平滑肌肉瘤,data/cache_96slice/tensors/G0119.pt,2
G0127,60a2d490d3e089df588ddf63,0865e1dd1ff9af9ad05ea0ef,女,49,2021,薄层静脉期,薄层,matched,肉瘤类,0,from_label_4,平滑肌肉瘤,data/cache_96slice/tensors/G0127.pt,2
G0129,9329d65043e2abec0a6a2eaf,c3caa75075fd7b33a6171e14,男,45,2020,薄层静脉期,薄层,matched,PPGL,2,from_label_4,副神经节瘤,data/cache_96slice/tensors/G0129.pt,1
G0140,0557c10a57bf3f61d58722c1,2b045c83eb98dbd0102402e5,男,26,2023,薄层静脉期,薄层,matched,良性神经源性肿瘤,1,from_label_4,神经鞘瘤,data/cache_96slice/tensors/G0140.pt,2
G0142,76b7e66dbbfd3eec5603bfd6,3bfff30dab224e442b73c2c1,男,48,2021,薄层静脉期,薄层,matched,良性神经源性肿瘤,1,from_label_4,神经鞘瘤,data/cache_96slice/tensors/G0142.pt,1
G0147,cb9de539726969292376b492,6c3a54a6d53ee808fd841d26,女,47,2018,薄层静脉期,薄层,matched,良性神经源性肿瘤,1,from_label_4,神经鞘瘤,data/cache_96slice/tensors/G0147.pt,1
G0156,ad928e2f4abbfc4426f235e1,a541412fa6c5af8335cc9541,女,76,2024,薄层静脉期,薄层,matched,良性神经源性肿瘤,1,from_label_4,神经鞘瘤,data/cache_96slice/tensors/G0156.pt,0
G0157,f94deef3a549029c96b03ca5,56d0eea1da203c1303b6e16f,女,57,2023,薄层静脉期,薄层,matched,良性神经源性肿瘤,1,from_label_4,神经鞘瘤,data/cache_96slice/tensors/G0157.pt,2
G0158,510ece5561c1da8618ae0f79,f9beb0b0b1b43ab6afca7a70,男,48,2023,薄层静脉期,薄层,matched,良性神经源性肿瘤,1,from_label_4,神经鞘瘤,data/cache_96slice/tensors/G0158.pt,2
G0159,da5c3158f2a6bc34608907b0,f3f6825a509cdda6b9dfd95f,女,70,2024,薄层静脉期,薄层,matched,良性神经源性肿瘤,1,from_label_4,神经鞘瘤,data/cache_96slice/tensors/G0159.pt,0
G0160,11adc15a1d0f0bf4ede66188,0b5a06ad9bf3645136d5c7f2,男,37,2021,薄层静脉期,薄层,matched,良性神经源性肿瘤,1,from_label_4,神经鞘瘤,data/cache_96slice/tensors/G0160.pt,2
G0162,91cbb06505e1af87d852ca7c,6a659fbf424f26b3efdf5aff,男,58,2024,薄层静脉期,薄层,matched,良性神经源性肿瘤,1,from_label_4,神经鞘瘤,data/cache_96slice/tensors/G0162.pt,0
G0165,6a87ec2484843131454057c9,d8df4a0ee2d89870693c2f45,女,69,2021,薄层静脉期,薄层,matched,良性神经源性肿瘤,1,from_label_4,神经鞘瘤,data/cache_96slice/tensors/G0165.pt,1
G0169,223be5aef221d358a5950ec8,baf575bec5512928bad0a4d5,女,65,2024,薄层静脉期,薄层,matched,良性神经源性肿瘤,1,from_label_4,神经鞘瘤,data/cache_96slice/tensors/G0169.pt,1
G0170,379e8093bc790dc8ba0845f1,644e69391ea7092a691f79b7,男,50,2024,薄层静脉期,薄层,matched,良性神经源性肿瘤,1,from_label_4,神经鞘瘤,data/cache_96slice/tensors/G0170.pt,2
G0172,3f8bbcb1782d25c14e055927,6e16459d535f361daa2f4055,男,37,2024,薄层静脉期,薄层,matched,良性神经源性肿瘤,1,from_label_4,神经鞘瘤,data/cache_96slice/tensors/G0172.pt,0
G0178,a6b312ee3d23b48794bdb53c,9cdcadf2e91c06e1f1689ae9,男,67,2024,薄层静脉期,薄层,matched,良性神经源性肿瘤,1,from_label_4,神经鞘瘤,data/cache_96slice/tensors/G0178.pt,0
G0181,feb580c10619fe97c0f80763,7d9316f70d1f10bce69c77e1,男,63,2021,薄层静脉期,薄层,matched,良性神经源性肿瘤,1,from_label_4,神经鞘瘤,data/cache_96slice/tensors/G0181.pt,2
G0192,7b1a8ee35b816f89dff4258d,96e33bed843cd6f3a0698522,男,60,2023,薄层静脉期,薄层,matched,良性神经源性肿瘤,1,from_label_4,神经鞘瘤,data/cache_96slice/tensors/G0192.pt,1
G0193,705a3e338a539e57d685fad7,c79febd5211f5bd3ec6ec1bc,女,53,2023,薄层静脉期,薄层,matched,良性神经源性肿瘤,1,from_label_4,神经鞘瘤,data/cache_96slice/tensors/G0193.pt,2
G0199,d224da50de4fccdeb92093d3,af1e39731a80aba93496e986,女,42,2023,薄层静脉期,薄层,matched,良性神经源性肿瘤,1,from_label_4,神经鞘瘤,data/cache_96slice/tensors/G0199.pt,1
G0207,d1de1f41ca0d6810753680e2,9dcfdf55f4e5f02a7fb7e5ee,男,29,2023,薄层静脉期,薄层,matched,良性神经源性肿瘤,1,from_label_4,神经鞘瘤,data/cache_96slice/tensors/G0207.pt,0
G0209,491b906f864b5ffdb109420a,4ddf5941aa2b0983d6b85b36,男,54,2018,薄层静脉期,薄层,matched,良性神经源性肿瘤,1,from_label_4,神经鞘瘤,data/cache_96slice/tensors/G0209.pt,2
G0212,5e9c0278dfe49d5168872ef7,1788e78ddd00b32ffff797e8,男,69,2023,薄层静脉期,薄层,matched,PPGL,2,from_pathology_class,嗜铬细胞瘤,data/cache_96slice/tensors/G0212.pt,1
G0216,a7ed0a1a0e8921a4f5ca82f0,3225a31037fa8defb8ecf1f5,男,60,2024,薄层静脉期,薄层,matched,PPGL,2,from_pathology_class,嗜铬细胞瘤,data/cache_96slice/tensors/G0216.pt,0
G0221,5e2ffce038fb13b902a09a8f,2bfa05a6071a142ad43345bd,男,61,2023,薄层静脉期,薄层,matched,PPGL,2,from_pathology_class,嗜铬细胞瘤,data/cache_96slice/tensors/G0221.pt,0
G0223,3942624c95d1a1a4bbd47035,821e6e161fcd419cd903d2f2,女,68,2022,薄层静脉期,薄层,matched,PPGL,2,from_pathology_class,嗜铬细胞瘤,data/cache_96slice/tensors/G0223.pt,1
G0225,eb4ef34c37687231038e3284,47e48cffc38ab6b120f4dde9,男,50,2023,薄层静脉期,薄层,matched,PPGL,2,from_pathology_class,嗜铬细胞瘤,data/cache_96slice/tensors/G0225.pt,1
G0228,d1bf341e766be77c497338b6,435f85557cff98373ad079f2,女,61,2022,薄层静脉期,薄层,matched,PPGL,2,from_pathology_class,嗜铬细胞瘤,data/cache_96slice/tensors/G0228.pt,2
G0230,f9088f64181c43dd167a1ec8,e293bee8644d89f2568a1e40,女,38,2023,薄层静脉期,薄层,matched,PPGL,2,from_pathology_class,嗜铬细胞瘤,data/cache_96slice/tensors/G0230.pt,1
G0231,913ca12e7e7b8058bd24a84a,896aab1ae472fcebabbf0d02,男,69,2023,薄层静脉期,薄层,matched,PPGL,2,from_pathology_class,嗜铬细胞瘤,data/cache_96slice/tensors/G0231.pt,2
G0237,0f2d920969be30f32a81d731,da4b188e27cb47d11f04a221,男,65,2024,薄层静脉期,薄层,matched,PPGL,2,from_pathology_class,嗜铬细胞瘤,data/cache_96slice/tensors/G0237.pt,1
G0238,e11b46ba9a07ed8c7835830e,6ff86d33a95ec9d6681ac597,女,52,2023,薄层静脉期,薄层,matched,PPGL,2,from_pathology_class,嗜铬细胞瘤,data/cache_96slice/tensors/G0238.pt,0
G0247,b9894ac9f0a56e9571634b3d,cddb999ec9958fb8b322ece3,男,58,2021,薄层静脉期,薄层,matched,胃肠道间质瘤,4,from_pathology_class,胃肠道间质瘤,data/cache_96slice/tensors/G0247.pt,1
G0248,75fd5bc38c57789f4672d8af,93e9ceb424fcd02db31d86dc,男,73,2021,薄层静脉期,薄层,matched,胃肠道间质瘤,4,from_pathology_class,胃肠道间质瘤,data/cache_96slice/tensors/G0248.pt,0
G0249,8fbfa940f458137e0889c9c0,43a58df69ed9d9f2cee9d634,女,72,2021,薄层静脉期,薄层,matched,胃肠道间质瘤,4,from_pathology_class,胃肠道间质瘤,data/cache_96slice/tensors/G0249.pt,1
G0255,4416a6cc722c53b4abdf9575,7358debe12b174ff70deaed0,男,59,2019,薄层静脉期,薄层,matched,胃肠道间质瘤,4,from_pathology_class,胃肠道间质瘤,data/cache_96slice/tensors/G0255.pt,2
G0257,92292a41d3c276fede668581,2710d1336ea74bf8db56abb5,女,51,2017,薄层静脉期,薄层,matched,胃肠道间质瘤,4,from_pathology_class,胃肠道间质瘤,data/cache_96slice/tensors/G0257.pt,0
G0258,948eb64ab35de5a36464e1e7,0731ecc9d09781555b74353c,女,47,2018,薄层静脉期,薄层,matched,胃肠道间质瘤,4,from_pathology_class,胃肠道间质瘤,data/cache_96slice/tensors/G0258.pt,2
G0259,cba83d50bd1cb6aedcbd6191,e23973ee46929ed9f48e0afe,男,64,2020,薄层静脉期,薄层,matched,胃肠道间质瘤,4,from_pathology_class,胃肠道间质瘤,data/cache_96slice/tensors/G0259.pt,2
G0261,67dd0e901647f29c7358ca31,d2d72b222315063016c7dba0,女,24,2018,薄层门脉期,薄层,matched,良性神经源性肿瘤,1,from_label_4,节细胞神经瘤,data/cache_96slice/tensors/G0261.pt,0
G0264,2477eec1601b32accac3dcd7,27d41dad57b45a5ad1d879a5,男,56,2020,薄层静脉期,薄层,ambiguous,胃肠道间质瘤,4,from_pathology_class,胃肠道间质瘤,data/cache_96slice/tensors/G0264.pt,2
G0266,0996ed2c07550a81f50cfce9,135153a342ad7416d4986e2b,女,46,2020,薄层静脉期,薄层,matched,胃肠道间质瘤,4,from_pathology_class,胃肠道间质瘤,data/cache_96slice/tensors/G0266.pt,1
G0277,38a3f5ebcaf95dea3697ed3e,3b6ceb5b14b09c75d3a8ee26,女,27,2023,薄层静脉期,薄层,matched,良性神经源性肿瘤,1,from_label_4,节细胞神经瘤,data/cache_96slice/tensors/G0277.pt,0
G0279,787c4fee26c94a6c0ac7d4ba,1e2bb865fbcd0c712cc9d634,男,62,2021,薄层静脉期,薄层,matched,肉瘤类,0,from_label_4,脂肪肉瘤,data/cache_96slice/tensors/G0279.pt,0
G0284,af345b69063fba1dbb8a0b75,0d17cbccfa1c3cb69e5511d0,男,82,2023,薄层静脉期,薄层,ambiguous,肉瘤类,0,from_label_4,脂肪肉瘤,data/cache_96slice/tensors/G0284.pt,2
G0285,4612cf45662445d043f963d1,2b1b01406fe9a55813dc1e2f,男,67,2020,薄层静脉期,薄层,matched,良性神经源性肿瘤,1,from_label_4,节细胞神经瘤,data/cache_96slice/tensors/G0285.pt,0
G0286,8232b80e30b55141a2c28e3f,f6b49b504e2c0e0aaf21dab6,男,57,2021,薄层静脉期,薄层,ambiguous,肉瘤类,0,from_label_4,脂肪肉瘤,data/cache_96slice/tensors/G0286.pt,2
G0289,f2819329659fe18bacbe2145,57bb3ec7dccf35560e54bbb2,男,65,2024,薄层静脉期,薄层,matched,肉瘤类,0,from_label_4,脂肪肉瘤,data/cache_96slice/tensors/G0289.pt,0
G0290,7c5c5891389ac7a55c7ea599,b2d1d11be1241ddb51ac9f65,男,51,2020,薄层静脉期,薄层,matched,肉瘤类,0,from_label_4,脂肪肉瘤,data/cache_96slice/tensors/G0290.pt,1
G0295,3714d92cbfbc13c4c1d919c7,f7d88c44961fd89880797436,男,68,2021,薄层静脉期,薄层,matched,肉瘤类,0,from_label_4,脂肪肉瘤,data/cache_96slice/tensors/G0295.pt,1
G0307,9ab850939267500e32861fc4,67598940145eb7f9ca2ae530,女,53,2018,薄层静脉期,薄层,ambiguous,肉瘤类,0,from_label_4,脂肪肉瘤,data/cache_96slice/tensors/G0307.pt,2
G0312,d971956ce27c01f66acfa92e,59402d565a7bcab8451b9d47,女,69,2023,薄层静脉期,薄层,matched,肉瘤类,0,from_label_4,脂肪肉瘤,data/cache_96slice/tensors/G0312.pt,2
G0318,610b48a1b68dee804fd117a8,c33db86cd75b73ff02519c7b,男,64,2022,薄层静脉期,薄层,matched,肉瘤类,0,from_label_4,脂肪肉瘤,data/cache_96slice/tensors/G0318.pt,2
G0320,a5a45cd46c270fc2b03c870d,9a077bcb7a2c1ee445bf1b96,男,63,2020,薄层静脉期,薄层,matched,肉瘤类,0,from_label_4,脂肪肉瘤,data/cache_96slice/tensors/G0320.pt,2
G0321,cd35daf9b16da037f89cdcea,dce8aa3006c56dc59e536b19,男,70,2022,薄层静脉期,薄层,matched,肉瘤类,0,from_label_4,脂肪肉瘤,data/cache_96slice/tensors/G0321.pt,1
G0323,3e5135388d2cb0cce498bba0,78958ddfcf12fc615b8a88c4,男,45,2020,薄层静脉期,薄层,matched,肉瘤类,0,from_label_4,脂肪肉瘤,data/cache_96slice/tensors/G0323.pt,2
G0326,49e4e1b6ebd1b8cdd3be1b16,8c247e4eccbfc0e34270b163,女,43,2023,薄层静脉期,薄层,no_pathology_name_match,肉瘤类,0,WDLPS_manual_match,脂肪肉瘤,data/cache_96slice/tensors/G0326.pt,1
G0329,88be4b45399d902ea6374cb2,c03060ba108f518efc52cb9c,女,58,2022,薄层静脉期,薄层,matched,肉瘤类,0,from_label_4,脂肪肉瘤,data/cache_96slice/tensors/G0329.pt,0
G0331,fbc138688494ad3b7f1c8ee3,a80d47460128b964488c2380,男,67,2022,薄层静脉期,薄层,matched,肉瘤类,0,from_label_4,脂肪肉瘤,data/cache_96slice/tensors/G0331.pt,0
G0333,d6ace7fb164adb8f3c67b74c,d48d54d3d7717a815b1ce1d8,女,70,2020,薄层静脉期,薄层,matched,肉瘤类,0,from_label_4,脂肪肉瘤,data/cache_96slice/tensors/G0333.pt,2
G0334,2b68a8630eb65e10bdc2ae30,71e47b8c0060db360e0f4989,男,59,2021,薄层静脉期,薄层,matched,肉瘤类,0,from_label_4,脂肪肉瘤,data/cache_96slice/tensors/G0334.pt,2
G0335,29472323fd8d777059001994,db82da85cfc34407fc0795e1,女,77,2018,薄层静脉期,薄层,matched,肉瘤类,0,from_label_4,脂肪肉瘤,data/cache_96slice/tensors/G0335.pt,0
G0345,fe65b7fa688f5f2bdc4d4633,6523f4aca0050c7851361ca7,女,60,2019,薄层静脉期,薄层,matched,肉瘤类,0,from_label_4,脂肪肉瘤,data/cache_96slice/tensors/G0345.pt,1
G0347,5aaf72f3cb958f30c80c8159,f23cb26f041b97b4d726050a,男,74,2023,薄层静脉期,薄层,matched,肉瘤类,0,from_label_4,脂肪肉瘤,data/cache_96slice/tensors/G0347.pt,1
G0348,fb628b2b2808022ebafa4b7d,fdf57581aab63bd543e694a8,男,68,2022,薄层静脉期,薄层,matched,肉瘤类,0,from_label_4,脂肪肉瘤,data/cache_96slice/tensors/G0348.pt,0
G0349,bb4a233ecc0e087fa2debed7,38daeef23e66230a643c837a,男,58,2023,薄层静脉期,薄层,matched,肉瘤类,0,from_label_4,脂肪肉瘤,data/cache_96slice/tensors/G0349.pt,2
G0358,900ddf4412ca5afd1ab1cb1e,245578e1bc94532bc088b411,男,53,2022,薄层静脉期,薄层,matched,肉瘤类,0,from_label_4,脂肪肉瘤,data/cache_96slice/tensors/G0358.pt,1
G0364,b83f32624f37040f86a2aaab,ecbc69f34ff89ed9868d8cc2,女,67,2023,薄层静脉期,薄层,matched,肉瘤类,0,from_label_4,脂肪肉瘤,data/cache_96slice/tensors/G0364.pt,1
G0365,1b1a2a5030163e5afcdb69ee,a5a0cda1f35fb979533ed306,女,54,2023,薄层静脉期,薄层,no_pathology_name_match,肉瘤类,0,LPS_manual_match,脂肪肉瘤,data/cache_96slice/tensors/G0365.pt,0
G0366,ccac15c121a9467b04f43fc8,bbad50782e5083f39544fb2d,女,71,2019,薄层门脉期,薄层,ambiguous,肉瘤类,0,from_label_4,脂肪肉瘤,data/cache_96slice/tensors/G0366.pt,0
G0370,814175eaa344eb5dafe5357c,848db12850e40991de5f8ec6,女,60,2021,薄层静脉期,薄层,matched,肉瘤类,0,from_label_4,脂肪肉瘤,data/cache_96slice/tensors/G0370.pt,0
G0373,997b40f303a4c1dfd17bdc32,52733fe656210b03eaee833b,男,68,2024,薄层静脉期,薄层,matched,肉瘤类,0,from_label_4,脂肪肉瘤,data/cache_96slice/tensors/G0373.pt,1
G0378,342756e3bd74a5bcea426772,2d17c80b98911c3173bb1c80,男,53,2022,薄层静脉期,薄层,matched,肉瘤类,0,from_label_4,脂肪肉瘤,data/cache_96slice/tensors/G0378.pt,0
G0379,5f8a8b6d652285702c1c3212,214f71d5098bb2faf6e78dec,男,52,2021,薄层静脉期,薄层,matched,肉瘤类,0,from_label_4,脂肪肉瘤,data/cache_96slice/tensors/G0379.pt,0
G0380,469316fe48ae14aa48510f2a,c8c040fa941faa2b9bfb87e7,女,48,2024,薄层静脉期,薄层,matched,肉瘤类,0,from_label_4,脂肪肉瘤,data/cache_96slice/tensors/G0380.pt,1
G0381,469316fe48ae14aa48510f2a,c8c040fa941faa2b9bfb87e7,女,66,2023,薄层静脉期,薄层,matched,肉瘤类,0,from_label_4,脂肪肉瘤,data/cache_96slice/tensors/G0381.pt,1
G0383,5eab0a87b51c5016198700db,ec4e12d1b84dff27621d405f,男,54,2018,薄层静脉期,薄层,ambiguous,肉瘤类,0,from_label_4,脂肪肉瘤,data/cache_96slice/tensors/G0383.pt,2
G0385,c6454838ccff225356f9e8b9,dc150e9767e44d5b3ceecc42,男,73,2023,薄层静脉期,薄层,matched,肉瘤类,0,from_label_4,脂肪肉瘤,data/cache_96slice/tensors/G0385.pt,0
G0387,72c1b9dda36815769bdcf2a7,e1a76a0be86ba63a1f996179,男,53,2024,薄层静脉期,薄层,matched,肉瘤类,0,from_label_4,脂肪肉瘤,data/cache_96slice/tensors/G0387.pt,1
G0388,354359912b787704d1ae566e,024d14c597eaf09d828c0932,女,48,2024,薄层静脉期,薄层,matched,肉瘤类,0,from_label_4,脂肪肉瘤,data/cache_96slice/tensors/G0388.pt,2
G0391,316514b50d01eb520c6ca670,f649a8665808b1db584c36a3,女,35,2018,薄层静脉期,薄层,matched,肉瘤类,0,from_label_4,脂肪肉瘤,data/cache_96slice/tensors/G0391.pt,0
G0393,175d0109283f65b5423f2e91,5e1248eebecf98c2ca40bbd1,女,60,2021,薄层静脉期,薄层,matched,肉瘤类,0,from_label_4,脂肪肉瘤,data/cache_96slice/tensors/G0393.pt,1
G0394,5d5ccc0c9bfe5ce8e19564fc,5fd63358212b6e1701a398fd,男,74,2023,薄层静脉期,薄层,matched,肉瘤类,0,from_label_4,脂肪肉瘤,data/cache_96slice/tensors/G0394.pt,2
G0396,96c790d143b12ebc93a93083,0ba265d4ea3e4a0c88bbcb54,女,65,2020,薄层静脉期,薄层,matched,肉瘤类,0,from_label_4,脂肪肉瘤,data/cache_96slice/tensors/G0396.pt,0
G0399,0ce85d0be6ceaf0fa6a808f6,54a1d0c1de4dbbec1d108486,男,51,2021,薄层静脉期,薄层,matched,肉瘤类,0,from_label_4,脂肪肉瘤,data/cache_96slice/tensors/G0399.pt,2
G0403,ff577c2d87fb4256756b848c,4e19513e463b15de9bb80431,女,61,2024,薄层静脉期,薄层,matched,肉瘤类,0,from_label_4,脂肪肉瘤,data/cache_96slice/tensors/G0403.pt,1
G0404,1d40a5463c7a6d4f527aba88,637bd982f7f1c520722b0551,女,82,2021,薄层静脉期,薄层,matched,肉瘤类,0,from_label_4,脂肪肉瘤,data/cache_96slice/tensors/G0404.pt,1
G0405,467a830d18ff2608ae77cfec,d1cc354bd075006147f3b491,男,74,2023,薄层静脉期,薄层,matched,肉瘤类,0,from_label_4,脂肪肉瘤,data/cache_96slice/tensors/G0405.pt,0
G0406,4301a440bb29f284f14ed497,abebd8396106031f2ebbbba6,男,56,2023,薄层静脉期,薄层,matched,良性神经源性肿瘤,1,from_label_4,节细胞神经瘤,data/cache_96slice/tensors/G0406.pt,1
G0407,cdca44ad53c9b890e434d179,edbe1439611b523d62ca8d71,男,59,2017,薄层静脉期,薄层,matched,PPGL,2,from_label_4,副神经节瘤,data/cache_96slice/tensors/G0407.pt,2
G0408,faf5229f2581475ebeb16566,0481a77b7e7a102330e841ef,女,29,2024,薄层静脉期,薄层,matched,良性神经源性肿瘤,1,from_label_4,节细胞神经瘤,data/cache_96slice/tensors/G0408.pt,2
G0409,400a4588bf00ecd75ba3e2e2,5e642462e759f5b4f9c76ee4,女,36,2024,薄层静脉期,薄层,matched,良性神经源性肿瘤,1,from_label_4,节细胞神经瘤,data/cache_96slice/tensors/G0409.pt,1
G0412,ebc9da995c38f6e9a71b8ee8,5135e766bd86dc3b2904695c,女,37,2023,薄层静脉期,薄层,matched,良性神经源性肿瘤,1,from_label_4,节细胞神经瘤,data/cache_96slice/tensors/G0412.pt,0
G0414,297e5eb460f9c2b11bb998c7,9c72f2095db80c610849f7a9,女,61,2022,薄层静脉期,薄层,matched,PPGL,2,from_label_4,副神经节瘤,data/cache_96slice/tensors/G0414.pt,1
G0415,e97b53c3f35b4db86f33e402,57db9a61779c5ffacbcbe887,男,43,2022,薄层静脉期,薄层,matched,良性神经源性肿瘤,1,from_label_4,节细胞神经瘤,data/cache_96slice/tensors/G0415.pt,1
G0425,20cb32cd94ead8b4ddac8cb6,6f980b0a671dfc294be4ef9a,女,69,2024,薄层静脉期,薄层,matched,PPGL,2,from_pathology_class,嗜铬细胞瘤,data/cache_96slice/tensors/G0425.pt,2
